{"scoring":null,"notes":"","legend":"You are given integer number. Print out its square root value.","authorLogin":"bsnbk","language":"english","timeLimit":2000,"output":"One double number.","inputFile":"stdin","outputFile":"stdout","input":"One integer number.","authorName":"Beisenbek Baisakov","sampleTests":[{"output":"3.1622776602\n","input":"10\n"},{"output":"4.4721359550\n","input":"20\n"},{"output":"3.0000000000\n","input":"9\n"}],"name":"","interaction":null,"memoryLimit":67108864,"tutorial":""}
