<?xml version="1.0" encoding="utf-8" standalone="no"?>
<problem revision="9" short-name="precision" url="https://polygon.codeforces.com/p/bsnbk/precision">
    <names>
        <name language="english" value=""/>
    </names>
    <statements>
        <statement charset="UTF-8" language="english" path="statements/english/problem.tex" type="application/x-tex"/>
        <statement language="english" path="statements/.pdf/english/problem.pdf" type="application/pdf"/>
        <statement charset="UTF-8" language="english" path="statements/.html/english/problem.html" type="text/html"/>
    </statements>
    <judging cpu-name="Intel(R) Core(TM) i5-3470 CPU @ 3.20GHz" cpu-speed="3600" input-file="" output-file="">
        <testset name="tests">
            <time-limit>2000</time-limit>
            <memory-limit>67108864</memory-limit>
            <test-count>11</test-count>
            <input-path-pattern>tests/%02d</input-path-pattern>
            <answer-path-pattern>tests/%02d.a</answer-path-pattern>
            <tests>
                <test method="manual" sample="true"/>
                <test method="manual" sample="true"/>
                <test method="manual" sample="true"/>
                <test cmd="gen3 1 100000 asdf" method="generated"/>
                <test cmd="gen3 1 100000 sdfg" method="generated"/>
                <test cmd="gen3 1 100000 s1dfg" method="generated"/>
                <test cmd="gen3 1 100000 gfh" method="generated"/>
                <test cmd="gen3 1 100000 fgdhj" method="generated"/>
                <test cmd="gen3 1 100000 rety" method="generated"/>
                <test cmd="gen3 1 100000 fghj" method="generated"/>
                <test cmd="gen3 1 100000 dfghh" method="generated"/>
            </tests>
        </testset>
    </judging>
    <files>
        <resources>
            <file path="files/olymp.sty"/>
            <file path="files/problem.tex"/>
            <file path="files/statements.ftl"/>
            <file path="files/testlib.h" type="h.g++"/>
        </resources>
        <executables>
            <executable>
                <source path="files/gen3.cpp" type="cpp.g++"/>
            </executable>
        </executables>
    </files>
    <assets>
        <checker name="std::rcmp4.cpp" type="testlib">
            <source path="files/check.cpp" type="cpp.g++"/>
            <copy path="check.cpp"/>
            <testset>
                <test-count>0</test-count>
                <input-path-pattern>files/tests/checker-tests/%02d</input-path-pattern>
                <output-path-pattern>files/tests/checker-tests/%02d.o</output-path-pattern>
                <answer-path-pattern>files/tests/checker-tests/%02d.a</answer-path-pattern>
                <tests/>
            </testset>
        </checker>
        <solutions>
            <solution tag="main">
                <source path="solutions/precision_bb.cpp" type="cpp.g++11"/>
            </solution>
        </solutions>
    </assets>
    <properties>
        <property name="tests-wellformed" value="true"/>
    </properties>
    <stresses>
        <stress-count>0</stress-count>
        <stress-path-pattern>stresses/%03d</stress-path-pattern>
        <list/>
    </stresses>
    <tags>
        <tag value="easy"/>
    </tags>
</problem>
